<?xml version="1.0" encoding="UTF-8"?>
<lint>
    <issue id="BackButton" severity="warning" />
    <issue id="EasterEgg" severity="warning" />
    <issue id="FieldGetter" severity="warning" />
    <issue id="IconExpectedSize" severity="warning" />
    <issue id="RtlCompat" severity="error" />
    <issue id="RtlEnabled" severity="warning" />
    <issue id="RtlHardcoded" severity="warning" />
    <issue id="SelectableText" severity="warning" />
    <issue id="StopShip" severity="warning" />
    <issue id="TypographyQuotes" severity="warning" />
    <issue id="UnusedIds" severity="warning" />
</lint>