<?xml version="1.0" encoding="UTF-8"?>
<!DOCTYPE plist PUBLIC "-//Apple//DTD PLIST 1.0//EN" "http://www.apple.com/DTDs/PropertyList-1.0.dtd">
<plist version="1.0">
 <dict> 
     <key>login</key> 
     <string>登录</string> 
     <key>getUser</key> 
     <string>用户信息</string> 
	  <key>isLogined</key> 
     <string>是否登陆</string> 
	  <key>logout</key> 
     <string>注销</string> 
	  <key>switchaccount</key> 
     <string>切换用户</string> 
	  <key>usercenter</key> 
     <string>个人中心</string> 
	   <key>searchOrder</key> 
     <string>订单查询</string> 
	  <key>pay</key> 
     <string>支付</string> 
	  <key>debugOpen</key> 
     <string>打印日志</string> 
	  <key>debugClose</key> 
     <string>关闭日志</string> 
 </dict> 

</plist>